<?xml version="1.0"?>
<!--<!DOCTYPE metadata SYSTEM "http://www.esri.com/metadata/esriprof80.dtd">-->
<metadata xml:lang="en"><Esri><CreaDate>20161102</CreaDate><CreaTime>16353500</CreaTime><SyncOnce>FALSE</SyncOnce><SyncDate>20161102</SyncDate><SyncTime>16521800</SyncTime><ModDate>20161102</ModDate><ModTime>16521800</ModTime><DataProperties><lineage><Process ToolSource="C:\Program Files (x86)\ArcGIS\ArcToolbox\Toolboxes\Data Management Tools.tbx\CopyFeatures" Date="20080620" Time="172854">CopyFeatures "G:\_section\BHO\EOC\Data\EOC Schema.mdb\ASSETS" "Database Servers\MTC-WGS-01_SQLEXPRESS.GDS\EOC_INCIDENTS (VERSION:dbo.DEFAULT)\EOC_INCIDENTS.DBO.ASSETS" # 0 0 0</Process><Process Name="AssignDomainToField_2" ToolSource="C:\Program Files\ArcGIS\ArcToolbox\Toolboxes\Data Management Tools.tbx\AssignDomainToField" Date="20080708" Time="112314">AssignDomainToField "Database Servers\KSMITH_SQLEXPRESS.gds\EOC_Manager (VERSION:dbo.DEFAULT)\EOC_Manager.DBO.EOC_Incident_Manager\EOC_Manager.DBO.ASSETS_PT" ASSETCATEGORYID ASSETCATEGORYID # "Database Servers\KSMITH_SQLEXPRESS.gds\EOC_Manager (VERSION:dbo.DEFAULT)\EOC_Manager.DBO.EOC_Incident_Manager\EOC_Manager.DBO.ASSETS_PT"</Process><Process Name="AssignDomainToField_4" ToolSource="C:\Program Files\ArcGIS\ArcToolbox\Toolboxes\Data Management Tools.tbx\AssignDomainToField" Date="20080708" Time="112520">AssignDomainToField "Database Servers\KSMITH_SQLEXPRESS.gds\EOC_Manager (VERSION:dbo.DEFAULT)\EOC_Manager.DBO.EOC_Incident_Manager\EOC_Manager.DBO.ASSETS_PT" ASSETSUBTYPEYID ASSETSUBTYPEYID # "Database Servers\KSMITH_SQLEXPRESS.gds\EOC_Manager (VERSION:dbo.DEFAULT)\EOC_Manager.DBO.EOC_Incident_Manager\EOC_Manager.DBO.ASSETS_PT"</Process><Process Name="AssignDomainToField_11" ToolSource="C:\Program Files\ArcGIS\ArcToolbox\Toolboxes\Data Management Tools.tbx\AssignDomainToField" Date="20080708" Time="113044">AssignDomainToField "Database Servers\KSMITH_SQLEXPRESS.gds\EOC_Manager (VERSION:dbo.DEFAULT)\EOC_Manager.DBO.EOC_Incident_Manager\EOC_Manager.DBO.ASSETS_PT" REGIONID REGIONID # "Database Servers\KSMITH_SQLEXPRESS.gds\EOC_Manager (VERSION:dbo.DEFAULT)\EOC_Manager.DBO.EOC_Incident_Manager\EOC_Manager.DBO.ASSETS_PT"</Process><Process Name="CalculateField_3" ToolSource="C:\Program Files\ArcGIS\ArcToolbox\Toolboxes\Data Management Tools.tbx\CalculateField" Date="20080710" Time="135542">CalculateField "Database Servers\MTC-WGS-01_SQLEXPRESS.gds\EOC_Manager (VERSION:dbo.DEFAULT)\EOC_Manager.DBO.EOC_Incident_Manager\EOC_Manager.DBO.ASSETS_PT" ASSETID "[OBJECTID] &amp; "-PT"" VB # "Database Servers\MTC-WGS-01_SQLEXPRESS.gds\EOC_Manager (VERSION:dbo.DEFAULT)\EOC_Manager.DBO.EOC_Incident_Manager\EOC_Manager.DBO.ASSETS_PT"</Process><Process Name="AssignDomainToField_3" ToolSource="C:\Program Files\ArcGIS\ArcToolbox\Toolboxes\Data Management Tools.tbx\AssignDomainToField" Date="20080710" Time="143532">AssignDomainToField "Database Servers\MTC-WGS-01_SQLEXPRESS.gds\EOC_Manager (VERSION:dbo.DEFAULT)\EOC_Manager.DBO.EOC_Incident_Manager\EOC_Manager.DBO.ASSETS_PT" AGENCYID AGENCYID # "Database Servers\MTC-WGS-01_SQLEXPRESS.gds\EOC_Manager (VERSION:dbo.DEFAULT)\EOC_Manager.DBO.EOC_Incident_Manager\EOC_Manager.DBO.ASSETS_PT"</Process><Process Name="AssignDomainToField_3" ToolSource="C:\Program Files (x86)\ArcGIS\ArcToolbox\Toolboxes\Data Management Tools.tbx\AssignDomainToField" Date="20081028" Time="093547">AssignDomainToField \\Mtc-wgs-01\MTC_GIS\Data\Asset_Inventory_db.mdb\ASSETS_PT ASSETSUBTYPEID ASSETSUBTYPEYID # \\Mtc-wgs-01\MTC_GIS\Data\Asset_Inventory_db.mdb\ASSETS_PT</Process><Process Name="AssignDomainToField_6" ToolSource="C:\Program Files (x86)\ArcGIS\ArcToolbox\Toolboxes\Data Management Tools.tbx\AssignDomainToField" Date="20081028" Time="093645">AssignDomainToField \\Mtc-wgs-01\MTC_GIS\Data\Asset_Inventory_db.mdb\ASSETS_PT REGIONID REGIONID # \\Mtc-wgs-01\MTC_GIS\Data\Asset_Inventory_db.mdb\ASSETS_PT</Process><Process ToolSource="C:\Program Files\ArcGIS\ArcToolbox\Toolboxes\Data Management Tools.tbx\CopyFeatures" Date="20081120" Time="110906">CopyFeatures G:\Data\Regional_Transit_Database\Apr_2008\sharing\MTC_Transit_DB.mdb\Transit_Stations G:\Data\Regional_Transit_Database\Apr_2008\sharing\Transit_Stations.shp # 0 0 0</Process><Process ToolSource="c:\program files (x86)\arcgis\desktop10.4\ArcToolbox\Toolboxes\Data Management Tools.tbx\CalculateField" Date="20160912" Time="102807">CalculateField "Proposed Combined Stations" Name "Jack London Square" VB #</Process><Process ToolSource="c:\program files (x86)\arcgis\desktop10.4\ArcToolbox\Toolboxes\Data Management Tools.tbx\CalculateField" Date="20161027" Time="131629">CalculateField Generalized_Station_Locations Alt_ID 1 VB #</Process><Process ToolSource="c:\program files (x86)\arcgis\desktop10.4\ArcToolbox\Toolboxes\Data Management Tools.tbx\CalculateField" Date="20161102" Time="145444">CalculateField BARTRuns_3_980-3rd_Stations Alt_ID 3 VB #</Process><Process ToolSource="c:\program files (x86)\arcgis\desktop10.4\ArcToolbox\Toolboxes\Data Management Tools.tbx\CalculateField" Date="20161102" Time="164429">CalculateField BARTRuns_2_980-Brannan_stations Alt_ID 2 VB #</Process></lineage><itemProps><itemName Sync="TRUE">BARTRuns_4_FranklinBrannan_Stations</itemName><imsContentType Sync="TRUE">002</imsContentType><itemSize Sync="TRUE">0.000</itemSize><itemLocation><linkage Sync="TRUE">file://\\CED-479LAB23\E\GIS\2TT\Model Runs\BARTRuns_4_FranklinBrannan_Stations.shp</linkage><protocol Sync="TRUE">Local Area Network</protocol></itemLocation></itemProps><coordRef><type Sync="TRUE">Projected</type><geogcsn Sync="TRUE">GCS_North_American_1983</geogcsn><csUnits Sync="TRUE">Linear Unit: Meter (1.000000)</csUnits><projcsn Sync="TRUE">NAD_1983_UTM_Zone_10N</projcsn><peXml Sync="TRUE">&lt;ProjectedCoordinateSystem xsi:type='typens:ProjectedCoordinateSystem' xmlns:xsi='http://www.w3.org/2001/XMLSchema-instance' xmlns:xs='http://www.w3.org/2001/XMLSchema' xmlns:typens='http://www.esri.com/schemas/ArcGIS/10.4'&gt;&lt;WKT&gt;PROJCS[&amp;quot;NAD_1983_UTM_Zone_10N&amp;quot;,GEOGCS[&amp;quot;GCS_North_American_1983&amp;quot;,DATUM[&amp;quot;D_North_American_1983&amp;quot;,SPHEROID[&amp;quot;GRS_1980&amp;quot;,6378137.0,298.257222101]],PRIMEM[&amp;quot;Greenwich&amp;quot;,0.0],UNIT[&amp;quot;Degree&amp;quot;,0.0174532925199433]],PROJECTION[&amp;quot;Transverse_Mercator&amp;quot;],PARAMETER[&amp;quot;False_Easting&amp;quot;,500000.0],PARAMETER[&amp;quot;False_Northing&amp;quot;,0.0],PARAMETER[&amp;quot;Central_Meridian&amp;quot;,-123.0],PARAMETER[&amp;quot;Scale_Factor&amp;quot;,0.9996],PARAMETER[&amp;quot;Latitude_Of_Origin&amp;quot;,0.0],UNIT[&amp;quot;Meter&amp;quot;,1.0],AUTHORITY[&amp;quot;EPSG&amp;quot;,26910]]&lt;/WKT&gt;&lt;XOrigin&gt;-5120900&lt;/XOrigin&gt;&lt;YOrigin&gt;-9998100&lt;/YOrigin&gt;&lt;XYScale&gt;450445547.3910538&lt;/XYScale&gt;&lt;ZOrigin&gt;-100000&lt;/ZOrigin&gt;&lt;ZScale&gt;10000&lt;/ZScale&gt;&lt;MOrigin&gt;-100000&lt;/MOrigin&gt;&lt;MScale&gt;10000&lt;/MScale&gt;&lt;XYTolerance&gt;0.001&lt;/XYTolerance&gt;&lt;ZTolerance&gt;0.001&lt;/ZTolerance&gt;&lt;MTolerance&gt;0.001&lt;/MTolerance&gt;&lt;HighPrecision&gt;true&lt;/HighPrecision&gt;&lt;WKID&gt;26910&lt;/WKID&gt;&lt;LatestWKID&gt;26910&lt;/LatestWKID&gt;&lt;/ProjectedCoordinateSystem&gt;</peXml></coordRef></DataProperties><ArcGISFormat>1.0</ArcGISFormat></Esri><idinfo><native Sync="TRUE">Microsoft Windows XP Version 5.1 (Build 2600) Service Pack 2; ESRI ArcCatalog 9.3.1.1850</native><descript><langdata Sync="TRUE">en</langdata><abstract>REQUIRED: A brief narrative summary of the data set.</abstract><purpose>REQUIRED: A summary of the intentions with which the data set was developed.</purpose></descript><citation><citeinfo><origin>REQUIRED: The name of an organization or individual that developed the data set.</origin><pubdate>REQUIRED: The date when the data set is published or otherwise made available for release.</pubdate><title Sync="TRUE">Transit_Stations</title><ftname Sync="TRUE">Transit_Stations</ftname><geoform Sync="TRUE">vector digital data</geoform><onlink Sync="TRUE">\\mtcgis1\g-drive\Data\Regional_Transit_Database\Apr_2008\sharing\Transit_Stations.shp</onlink></citeinfo></citation><timeperd><current>REQUIRED: The basis on which the time period of content information is determined.</current><timeinfo><sngdate><caldate>REQUIRED: The year (and optionally month, or month and day) for which the data set corresponds to the ground.</caldate></sngdate></timeinfo></timeperd><status><progress>REQUIRED: The state of the data set.</progress><update>REQUIRED: The frequency with which changes and additions are made to the data set after the initial data set is completed.</update></status><spdom><bounding><westbc Sync="TRUE">REQUIRED: Western-most coordinate of the limit of coverage expressed in longitude.</westbc><eastbc Sync="TRUE">REQUIRED: Eastern-most coordinate of the limit of coverage expressed in longitude.</eastbc><northbc Sync="TRUE">REQUIRED: Northern-most coordinate of the limit of coverage expressed in latitude.</northbc><southbc Sync="TRUE">REQUIRED: Southern-most coordinate of the limit of coverage expressed in latitude.</southbc></bounding></spdom><keywords><theme><themekt>REQUIRED: Reference to a formally registered thesaurus or a similar authoritative source of theme keywords.</themekt><themekey>REQUIRED: Common-use word or phrase used to describe the subject of the data set.</themekey></theme></keywords><accconst>REQUIRED: Restrictions and legal prerequisites for accessing the data set.</accconst><useconst>REQUIRED: Restrictions and legal prerequisites for using the data set after access is granted.</useconst><natvform Sync="TRUE">Shapefile</natvform></idinfo><dataIdInfo><envirDesc Sync="TRUE"> Version 6.2 (Build 9200) ; Esri ArcGIS 10.4.1.5686</envirDesc><dataLang><languageCode Sync="TRUE" value="eng"></languageCode><countryCode value="USA" Sync="TRUE"></countryCode></dataLang><idCitation><resTitle Sync="TRUE">BARTRuns_4_FranklinBrannan_Stations</resTitle><presForm><PresFormCd Sync="TRUE" value="005"></PresFormCd></presForm></idCitation><spatRpType><SpatRepTypCd Sync="TRUE" value="001"></SpatRepTypCd></spatRpType></dataIdInfo><metainfo><langmeta Sync="TRUE">en</langmeta><metstdn Sync="TRUE">FGDC Content Standards for Digital Geospatial Metadata</metstdn><metstdv Sync="TRUE">FGDC-STD-001-1998</metstdv><mettc Sync="TRUE">local time</mettc><metc><cntinfo><cntorgp><cntper>REQUIRED: The person responsible for the metadata information.</cntper><cntorg>REQUIRED: The organization responsible for the metadata information.</cntorg></cntorgp><cntaddr><addrtype>REQUIRED: The mailing and/or physical address for the organization or individual.</addrtype><city>REQUIRED: The city of the address.</city><state>REQUIRED: The state or province of the address.</state><postal>REQUIRED: The ZIP or other postal code of the address.</postal></cntaddr><cntvoice>REQUIRED: The telephone number by which individuals can speak to the organization or individual.</cntvoice></cntinfo></metc><metd Sync="TRUE">20081120</metd></metainfo><mdLang><languageCode Sync="TRUE" value="eng"></languageCode><countryCode value="USA" Sync="TRUE"></countryCode></mdLang><mdStanName Sync="TRUE">ISO 19115 Geographic Information - Metadata</mdStanName><mdStanVer Sync="TRUE">DIS_ESRI1.0</mdStanVer><mdChar><CharSetCd Sync="TRUE" value="004"></CharSetCd></mdChar><mdHrLv><ScopeCd Sync="TRUE" value="005"></ScopeCd></mdHrLv><mdHrLvName Sync="TRUE">dataset</mdHrLvName><distinfo><resdesc Sync="TRUE">Downloadable Data</resdesc><stdorder><digform><digtinfo><transize Sync="TRUE">0.000</transize><dssize Sync="TRUE">0.000</dssize></digtinfo></digform></stdorder></distinfo><distInfo><distributor><distorTran><onLineSrc><orDesc Sync="TRUE">002</orDesc><linkage Sync="TRUE">file://\\mtcgis1\g-drive\Data\Regional_Transit_Database\Apr_2008\sharing\Transit_Stations.shp</linkage><protocol Sync="TRUE">Local Area Network</protocol></onLineSrc><transSize Sync="TRUE">0.000</transSize></distorTran><distorFormat><formatName Sync="TRUE">Shapefile</formatName></distorFormat></distributor><distFormat><formatName Sync="TRUE">Shapefile</formatName></distFormat><distTranOps><transSize Sync="TRUE">0.000</transSize></distTranOps></distInfo><spdoinfo><direct Sync="TRUE">Vector</direct><ptvctinf><esriterm Name="BARTRuns_4_FranklinBrannan_Stations"><efeatyp Sync="TRUE">Simple</efeatyp><efeageom code="1" Sync="TRUE"></efeageom><esritopo Sync="TRUE">FALSE</esritopo><efeacnt Sync="TRUE">0</efeacnt><spindex Sync="TRUE">FALSE</spindex><linrefer Sync="TRUE">FALSE</linrefer></esriterm></ptvctinf></spdoinfo><spref><horizsys><cordsysn><geogcsn Sync="TRUE">GCS_North_American_1983</geogcsn><projcsn Sync="TRUE">NAD_1983_UTM_Zone_10N</projcsn></cordsysn><planar><planci><plance Sync="TRUE">coordinate pair</plance><plandu Sync="TRUE">meters</plandu><coordrep><absres Sync="TRUE">0.000000</absres><ordres Sync="TRUE">0.000000</ordres></coordrep></planci></planar><geodetic><horizdn Sync="TRUE">North American Datum of 1983</horizdn><ellips Sync="TRUE">Geodetic Reference System 80</ellips><semiaxis Sync="TRUE">6378137.000000</semiaxis><denflat Sync="TRUE">298.257222</denflat></geodetic></horizsys><vertdef><altsys><altenc Sync="TRUE">Explicit elevation coordinate included with horizontal coordinates</altenc><altres Sync="TRUE">1.000000</altres></altsys></vertdef></spref><refSysInfo><RefSystem><refSysID><identCode Sync="TRUE" code="26910">NAD_1983_UTM_Zone_10N</identCode><idCodeSpace Sync="TRUE">EPSG</idCodeSpace><idVersion Sync="TRUE">7.8.2(3.0.1)</idVersion></refSysID></RefSystem></refSysInfo><spatRepInfo><VectSpatRep><geometObjs Name="BARTRuns_4_FranklinBrannan_Stations"><geoObjTyp><GeoObjTypCd value="004" Sync="TRUE"></GeoObjTypCd></geoObjTyp><geoObjCnt Sync="TRUE">0</geoObjCnt></geometObjs><topLvl><TopoLevCd value="001" Sync="TRUE"></TopoLevCd></topLvl></VectSpatRep></spatRepInfo><eainfo><detailed Name="BARTRuns_4_FranklinBrannan_Stations"><enttyp><enttypl Sync="TRUE">BARTRuns_4_FranklinBrannan_Stations</enttypl><enttypt Sync="TRUE">Feature Class</enttypt><enttypc Sync="TRUE">0</enttypc></enttyp><attr><attrlabl Sync="TRUE">FID</attrlabl><attalias Sync="TRUE">FID</attalias><attrtype Sync="TRUE">OID</attrtype><attwidth Sync="TRUE">4</attwidth><atprecis Sync="TRUE">0</atprecis><attscale Sync="TRUE">0</attscale><attrdef Sync="TRUE">Internal feature number.</attrdef><attrdefs Sync="TRUE">ESRI</attrdefs><attrdomv><udom Sync="TRUE">Sequential unique whole numbers that are automatically generated.</udom></attrdomv></attr><attr><attrlabl Sync="TRUE">SHAPE</attrlabl><attalias Sync="TRUE">Shape</attalias><attrtype Sync="TRUE">Geometry</attrtype><attwidth Sync="TRUE">0</attwidth><atprecis Sync="TRUE">0</atprecis><attscale Sync="TRUE">0</attscale><attrdef Sync="TRUE">Feature geometry.</attrdef><attrdefs Sync="TRUE">ESRI</attrdefs><attrdomv><udom Sync="TRUE">Coordinates defining the features.</udom></attrdomv></attr><attr><attrlabl Sync="TRUE">X</attrlabl><attalias Sync="TRUE">X</attalias><attrtype Sync="TRUE">Double</attrtype><attwidth Sync="TRUE">19</attwidth><atprecis Sync="TRUE">0</atprecis><attscale Sync="TRUE">0</attscale></attr><attr><attrlabl Sync="TRUE">Y</attrlabl><attalias Sync="TRUE">Y</attalias><attrtype Sync="TRUE">Double</attrtype><attwidth Sync="TRUE">19</attwidth><atprecis Sync="TRUE">0</atprecis><attscale Sync="TRUE">0</attscale></attr><attr><attrlabl Sync="TRUE">Alt_ID</attrlabl><attalias Sync="TRUE">Alt_ID</attalias><attrtype Sync="TRUE">String</attrtype><attwidth Sync="TRUE">50</attwidth><atprecis Sync="TRUE">0</atprecis><attscale Sync="TRUE">0</attscale></attr><attr><attrlabl Sync="TRUE">Name</attrlabl><attalias Sync="TRUE">Name</attalias><attrtype Sync="TRUE">String</attrtype><attwidth Sync="TRUE">50</attwidth><atprecis Sync="TRUE">0</atprecis><attscale Sync="TRUE">0</attscale></attr><attr><attrlabl Sync="TRUE">CrossSts</attrlabl><attalias Sync="TRUE">CrossSts</attalias><attrtype Sync="TRUE">String</attrtype><attwidth Sync="TRUE">50</attwidth><atprecis Sync="TRUE">0</atprecis><attscale Sync="TRUE">0</attscale></attr></detailed></eainfo><mdDateSt Sync="TRUE">20161102</mdDateSt><dataqual><lineage><procstep><procdesc Sync="TRUE">Dataset copied.</procdesc><srcused Sync="TRUE">Server=mtc-wgs-01_sqlexpress; Service=sde:sqlserver:mtc-wgs-01\sqlexpress; Database=EOC_INCIDENTS; Version=dbo.DEFAULT</srcused><date Sync="TRUE">20080625</date><time Sync="TRUE">14532100</time></procstep><procstep><procdesc Sync="TRUE">Dataset copied.</procdesc><srcused Sync="TRUE">Server=ksmith_sqlexpress; Service=sde:sqlserver:ksmith\sqlexpress; Database=EOC_Manager; Version=dbo.DEFAULT</srcused><date Sync="TRUE">20080710</date><time Sync="TRUE">11480200</time></procstep><procstep><procdesc Sync="TRUE">Dataset copied.</procdesc><srcused Sync="TRUE">Server=mtc-wgs-01_sqlexpress; Service=sde:sqlserver:mtc-wgs-01\sqlexpress; Database=EOC_Manager; Version=dbo.DEFAULT</srcused><date Sync="TRUE">20080821</date><time Sync="TRUE">15350400</time></procstep><procstep><procdesc Sync="TRUE">Dataset copied.</procdesc><srcused Sync="TRUE">\\Mtc-wgs-01\MTC_GIS\Data\Asset_Inventory.mdb</srcused><date Sync="TRUE">20080904</date><time Sync="TRUE">08402700</time></procstep><procstep><procdesc Sync="TRUE">Dataset copied.</procdesc><srcused Sync="TRUE">\\Mtc-wgs-01\MTC_GIS\Data\Asset_Inventory_db.mdb</srcused><procdate Sync="TRUE">20081120</procdate><proctime Sync="TRUE">10482600</proctime></procstep></lineage></dataqual></metadata>
